{"65": [[0.6341955857436005, 0.6346955231402519, 0.6259999228682934, 0.6298677117536784, 0.6302750231622055, 0.6314095569048505, 0.6322690393712841, 0.6311947372611536, 0.6310208043535184, 0.6323903156284172], [1.0391547662086913, 1.0109518771296164, 1.056804524995451, 1.0410374763038555, 1.0293850305668688, 1.030698587039659, 1.0486396904001889, 1.051190921488202, 1.0144747568733201, 1.0215647914126185], [0.5983188675315417, 0.5960506835500902, 0.5999835776558357, 0.5956786855626299, 0.5978905016240221, 0.5978387594507676, 0.5957516545033704, 0.6001726710912828, 0.5979676109951338, 0.5995820108406141], [1.0577793326441587, 0.99428999266481588, 1.0378346829086145, 1.0275536799011473, 1.0076068345086593, 1.0173242152567832, 1.0137476171743265, 0.9996372991893463, 1.019880376596672, 1.0325828676697322]], "35": [[0.706016913875394, 0.7049902148029736, 0.7101790659044234, 0.709232323660782, 0.7044847193379622, 0.7039459949117274, 0.7058156738214777, 0.7057707981988377, 0.7077688812646663, 0.7012926253018005], [0.94405815912666891, 0.94064978368707608, 0.95519343836759851, 0.97976348903167265, 1.001153253673486, 1.0320411986831073, 0.95778245495653824, 0.98512438805458891, 0.96513233750956673, 0.97451912016565811], [0.6765747729683077, 0.6775468025376413, 0.6780081740026503, 0.6757221751334977, 0.6755972292798049, 0.6776545965730717, 0.6820585196972064, 0.6785816075098857, 0.682730284864831, 0.6714933880230971], [1.0179948641572223, 0.96609122057442287, 0.95104239552762815, 0.93896262101908223, 1.0156982090772804, 1.0241261195555436, 0.99637343617733343, 0.97576058292209333, 0.93442082421320416, 1.0048581566687682]], "100": [[0.5794000075441634, 0.5769459562183724, 0.5751262311860038, 0.5780820214025928, 0.5767436239222989, 0.5747807904238704, 0.579278818184128, 0.5745300114771875, 0.5767192677482413, 0.5766975390687464], [1.0677291534431603, 1.0738791959534506, 1.0883123777743187, 1.0741254115477461, 1.0760623201183044, 1.085076947166467, 1.0662326775007041, 1.0758882618346046, 1.0807301418218243, 1.0660707371880698], [0.539546611187348, 0.5377607435505419, 0.5406060417413137, 0.5408466334675185, 0.5380884268122635, 0.5390502215244197, 0.5399640741047012, 0.5394236124156854, 0.5402739877092425, 0.537374424823192], [1.0551331467888212, 1.0527067070054308, 1.0572170182421998, 1.0350788979127259, 1.0461049967794083, 1.0688538945017494, 1.0531015241846653, 1.0540873796070211, 1.0557698617967963, 1.0797862384768113]], "70": [[0.622244978769821, 0.6201589060944812, 0.6214666107500435, 0.6195423764314129, 0.6183858408446267, 0.623871036128658, 0.6231288174005416, 0.6232167554021577, 0.6197860939036527, 0.6166429994525995], [1.0229610345962934, 1.0588315044259704, 1.0282622325035167, 1.0560991072966983, 1.0507421809549227, 1.0322493737665734, 1.0184213323398472, 1.0193373576035467, 1.0411785106272138, 1.0443130964697365], [0.589244682990296, 0.5868989704647936, 0.5881659371536679, 0.5899144667861976, 0.5879719585578586, 0.5872758686488677, 0.5856621035029029, 0.5860613388232978, 0.5840601508074742, 0.5844810175769023], [1.0204903194005663, 1.0436816419855435, 1.0206234639505214, 1.0030202078529675, 1.0307784875607806, 1.0411591083524858, 1.0337742160763539, 1.0357932098132798, 1.0306329669274057, 1.0285886885859992]], "40": [[0.690380091551687, 0.6883385600516826, 0.6886802539243038, 0.6892867233278455, 0.691927588747085, 0.6933962706655592, 0.6936034590162226, 0.6852606111372026, 0.6904498947371406, 0.6900189942735713], [0.98144664125349612, 1.0114925421492691, 0.98541123106032658, 1.0430619778203649, 1.0296050164709338, 0.97715961672592833, 0.99942925933653792, 1.026962279991106, 0.98255090622161556, 0.95831720931757847], [0.6604825578390803, 0.6572088363580199, 0.6627036031942269, 0.6624486013722878, 0.6645581674733871, 0.6640379836398729, 0.6613030013361441, 0.6624326350472307, 0.6612561379151934, 0.6617375752806209], [0.98079248864735524, 0.98366169046072738, 0.98525479007035666, 0.9997042791994647, 0.99674308903121389, 1.0157339897568178, 0.97981165482508337, 0.96737777807380843, 1.0019307763031189, 1.0043742946350378]], "10": [[0.8201382706660217, 0.8209070236529257, 0.8175531988163895, 0.821607916875688, 0.8229413463379652, 0.820667654269534, 0.8188341259071418, 0.8203838167357962, 0.819209967881478, 0.8179807571901677], [0.75431598898885754, 0.70804602685550377, 0.77256205941458844, 0.6721892208703143, 0.69282985422184218, 0.79163332847040302, 0.76060920189387671, 0.76057075247998007, 0.82650270058728992, 0.72791310891050121], [0.799516773772448, 0.7995055580293237, 0.7996826922048081, 0.7944613612454642, 0.7985798035934112, 0.8015356263113069, 0.8007187446392845, 0.8001889608079619, 0.806222087253292, 0.8016240496138869], [0.86618732191274295, 0.78368569011628564, 0.80925988558033735, 0.86718082134785912, 0.88011874823184244, 0.75428086149816398, 0.78706845963642869, 0.78857696845011516, 0.79950489950353187, 0.72015677487781693]], "75": [[0.6140301304489865, 0.6116494504017492, 0.6126422876735325, 0.610577635355126, 0.6139424109202595, 0.6131696709363142, 0.6143115805548242, 0.6128079628501629, 0.6143240107753406, 0.6096298851171684], [1.0615037660917244, 1.0661886656261055, 1.0616018705704231, 1.0144826698594447, 1.0619429738546029, 1.0373530168471261, 1.0418052791267864, 1.0611373860801394, 1.0424979640545327, 1.0584646849175774], [0.5791139823223794, 0.5771306159882896, 0.5763115145313255, 0.5780371228465994, 0.5789919306458485, 0.5771397412908321, 0.581001361790504, 0.5837681229685332, 0.5807324186526784, 0.5790129298569267], [1.0247622707217785, 1.0190453909392232, 1.0208970581661327, 1.0336086216909046, 1.0143598981137949, 1.0177668435497744, 1.0512568139448963, 1.0257143994824443, 1.0318338185721163, 1.0253630537789862]], "45": [[0.6796325004865964, 0.681318281253414, 0.6777405000863421, 0.6735477146862183, 0.675806445391815, 0.6740430840768514, 0.6753340574235296, 0.6766129601075637, 0.6749024161908999, 0.6768359404170716], [0.95559624194960946, 0.97718276627387279, 0.97993970710804179, 0.99355043656647668, 1.0006315541644046, 0.99324002583855031, 0.94939588407742348, 0.94498094555425505, 0.96940875439612972, 1.0027460855495796], [0.6438596235980193, 0.6485761770654683, 0.6484861875042597, 0.6496468980924451, 0.6448308819770576, 0.6436082148631875, 0.6475175990342092, 0.646759597877435, 0.6410245613728801, 0.6444482974532921], [0.96826460099246547, 1.0075637346634514, 1.0067094484213894, 0.96606947534070253, 0.98660052588935443, 0.98108294119278994, 0.98931263720739726, 0.9647081219690532, 0.9938325591536874, 1.0289824469865971]], "15": [[0.7910606389211469, 0.7874930434269403, 0.7864737212759251, 0.7880577107816317, 0.7858024846567527, 0.7877671096870462, 0.7907915887718969, 0.7916907384014182, 0.7840084207666744, 0.7885691008978156], [0.86673672853202421, 0.86483583481637183, 0.83731154399956575, 0.79999664448269248, 0.90165090151616445, 0.80430615273863726, 0.83616389409581848, 0.85069406271296033, 0.86843433859144581, 0.76641806222011388], [0.7705800341398145, 0.7668712484706423, 0.7689890790507172, 0.7716693323231846, 0.7711668827133252, 0.7668697102157758, 0.7588596937016023, 0.7673193653741932, 0.7606877447743007, 0.7691096053721175], [0.8600491590927174, 0.81821405059951424, 0.88304409184782473, 0.87254765317189587, 0.76882635290025636, 0.87900077818347733, 0.89705296148703051, 0.78881018853143503, 0.94744776835561817, 0.86446085771224723]],