{"65": [[0.42505217450494015, 0.41858186934020025, 0.42399305046595726, 0.4174301767584211, 0.41852382838698665, 0.4251903864794446, 0.42142621838267763, 0.41840883294952097, 0.41630117290288826, 0.4254084398037775], [1.111323088317923, 1.107182501702169, 1.1220697795985719, 1.1046933943578179, 1.0967904551387, 1.0985507960609393, 1.1192138412599621, 1.0958816399517983, 1.1187640567479731, 1.1154014431603365], [0.516841270430567, 0.5225208915849606, 0.5240181396426375, 0.5207407755275956, 0.5219019182245537, 0.5234191914275161, 0.5274670191897912, 0.5220716788720642, 0.5186682483278057, 0.5192200184010091], [1.1178634172169772, 1.0891559958274863, 1.0971263550397827, 1.1014033901854126, 1.1242763024137905, 1.1031404666306466, 1.1003559842172039, 1.083097088899265, 1.0943531343357673, 1.1138829090209998]], "35": [[0.49696448156612183, 0.5045591483719598, 0.49818324221815524, 0.4947409174387801, 0.4978208982306849, 0.5078206225855616, 0.4977259276656592, 0.49633260462273115, 0.4975682753238859, 0.496818422682735], [1.0556563717039029, 1.051883435027906, 1.0056849264328549, 1.0391741269045016, 1.0502462307061835, 1.0379503653180653, 1.0282275217800738, 1.0466630521780798, 1.0416610667226935, 1.0527354186006364], [0.6108245350924387, 0.618293747268373, 0.6193518152483141, 0.6146993795084187, 0.6136097961600013, 0.6163568836887922, 0.6181765587907152, 0.6143585274898612, 0.6174493315850146, 0.6152226454473265], [1.0623890776630776, 1.068203640668056, 1.0581506802183369, 1.0715505271050831, 1.0891354553254884, 1.0661103916230561, 1.0632286639535178, 1.0480900007667473, 1.0488529343283608, 1.0457666584087681]], "100": [[0.3682725442226081, 0.37422953981579665, 0.3702566374671154, 0.3734233854453963, 0.3646426206165684, 0.36950292574857585, 0.3731600440128158, 0.37455788166138704, 0.3680123820062384, 0.37293093795167864], [1.1447547274595615, 1.1400253413477133, 1.1405977055078795, 1.1502273284834468, 1.1503436037878183, 1.1487596991152136, 1.1668370577139726, 1.1623597884987362, 1.1649417807628821, 1.1580346507720156], [0.45652931416606674, 0.45490797906092295, 0.45484328122009055, 0.45801728552100757, 0.4552337448369242, 0.4565280653369255, 0.4550844237082777, 0.4568874144373158, 0.4531015238741378, 0.4545606209302434], [1.1260775198837623, 1.1404680070900579, 1.1119821451967367, 1.14121749875426, 1.1299219275330894, 1.1467245251733782, 1.1390252377870278, 1.1320669661071248, 1.1310135895210491, 1.1321748433860679]], "70": [[0.41034348564511736, 0.4108922859876204, 0.4098867178998466, 0.417097080769043, 0.4114300891508547, 0.41512226249767165, 0.41291455054622483, 0.4107953165632207, 0.4084358591197787, 0.40638402687200714], [1.1182018479561506, 1.1377465998117682, 1.0923782156114072, 1.1011864832890776, 1.1253265875695648, 1.0906737691056114, 1.0996341857831373, 1.0990460265170909, 1.1182416533488322, 1.1249893639163449], [0.5119743870596117, 0.5129981808438667, 0.5093081453513993, 0.5148085417595163, 0.5116392967748774, 0.5093653274762262, 0.5080005504450591, 0.5131883983744064, 0.51445844378723, 0.5128466339312784], [1.1054712090845746, 1.0943470753224271, 1.1074801446811369, 1.0806122366592894, 1.1310409717757182, 1.1183620841795692, 1.106135012480415, 1.1182121405802783, 1.1131462655679445, 1.1001692278734994]], "40": [[0.4861569653606236, 0.48228689777151357, 0.4846830560445628, 0.4787054737857786, 0.4817375190570995, 0.4828253358447212, 0.47898964366162494, 0.4797455229398674, 0.48308801802765905, 0.47931103586766893], [1.0493084799346015, 1.079167136676884, 1.0655977192512511, 1.0701870335085055, 1.0468159262345402, 1.0597247317484597, 1.055162268434428, 1.0619738157882355, 1.046498193930993, 1.051285560934009], [0.5987960633456554, 0.5952841307390462, 0.6007223962077698, 0.6000078715646591, 0.6001852227865385, 0.6025792873957468, 0.596637528664248, 0.5972729797153258, 0.5980753050057117, 0.6022993072413916], [1.0752306255837996, 1.0522337797818513, 1.0365278250474403, 1.0377405499301797, 1.051697722237606, 1.0022305514354213, 1.0166842764508786, 1.0822571182480474, 1.0263827068146623, 1.0610381582052404]], "10": [[0.6404394182786752, 0.6377549952036374, 0.6404850194562665, 0.635546432836896, 0.635614559694923, 0.6418052376659696, 0.641088927414361, 0.6355154509359531, 0.6368715902201146, 0.640134466363543], [0.87201541019277995, 0.9326685950719773, 0.86097391878522245, 0.94485446258550021, 0.9467650725298592, 0.86861596204376701, 0.8685414582000226, 0.95214424738045267, 0.94405234006075256, 0.96537829063509673], [0.7666877066745373, 0.7679791718884388, 0.7662247471046806, 0.7690922837944757, 0.764954631539407, 0.7674497489996929, 0.7660916707627978, 0.7678817045924612, 0.7680052758465314, 0.7670900358444122], [0.97959156357585031, 0.96205540967374215, 0.97776084262026741, 0.86319972890427521, 0.91195582898057981, 0.90220179536512413, 0.93500054048151715, 0.91096685280735701, 0.94298865743734506, 1.0053243860947307]], "75": [[0.4045261935513116, 0.3956044689345104, 0.40901054282517746, 0.4044166768589519, 0.4014493625802472, 0.4044183918816862, 0.40445028559612434, 0.40022280051820425, 0.4039433307426583, 0.40795273394502063], [1.1292540611219233, 1.1437840699468829, 1.1170201031808493, 1.1232862639918695, 1.1277432915557581, 1.1224278336752114, 1.138136851549296, 1.1239929365876793, 1.1391126223280856, 1.1384896477959023], [0.5002090384762402, 0.5013560608277043, 0.5005752513954628, 0.5005159188083095, 0.49929044065707917, 0.5055179477478159, 0.501948911213957, 0.4981913474079299, 0.5003223938334722, 0.5006546304545112], [1.0961939925572972, 1.1308870258246144, 1.1200883353032132, 1.1099389222738407, 1.1167675209928485, 1.1010159997277791, 1.1044222133356736, 1.1118698936472622, 1.0984510413246993, 1.1183679977934899]], "45": [[0.46065604198023113, 0.4705577408199906, 0.4599158765583505, 0.46571023212094076, 0.46435784110077455, 0.4595053447061734, 0.4674211990659592, 0.46489172780628085, 0.474168287212504, 0.4774211477172771], [1.0708393976944943, 1.0887201596261327, 1.07353658756172, 1.0606136441639706, 1.0429031573063625, 1.0607102567179114, 1.0618085302249218, 1.0737747745748558, 1.0237337147509646, 1.0531536488135349], [0.5772229739943187, 0.5822287468728607, 0.5840162166731709, 0.5806501719696481, 0.5835013180528645, 0.5742591321272632, 0.5820613809689681, 0.5754279309930727, 0.5848309498671487, 0.5831169443210704], [1.0673525181474666, 1.0850396058417044, 1.0659820868726761, 1.0667057106558484, 1.0553935666452512, 1.1112836155837797, 1.0467768448518182, 1.1103982298610762, 1.06048745360249, 1.0387686751325396]], "15": [[0.5999249812596276, 0.5943734187450302, 0.5995526495852993, 0.5948270607367413, 0.5995004781329997, 0.5968458870921112, 0.602403375300465, 0.5954088765106424, 0.5948563313256621, 0.5988699187263039], [0.88776773116284113, 0.95029137210023984, 0.95241019237062574, 0.98701037593270213, 0.97374043150264522, 0.9739363596315036, 0.98922107633933587, 0.94354275333816984, 1.0036038404765533, 0.97356777149374585], [0.7214231585554403, 0.729107059601462, 0.7300357133115088, 0.7318808940555329, 0.7298103910626822, 0.7276764956781082, 0.725630246795277, 0.7257385132711428, 0.7277957782978354, 0.7265215873741677], [0.97615959067569935, 0.94953430760662638, 0.915745308307368, 1.0083650156203063, 1.0361025893074056, 0.94927119013747685, 0.97954182387177891, 0.97273544377006194, 0.99590631400627816, 1.0613320197868066]],