{"65": [[0.5758012487211445, 0.5784771711586646, 0.5775408373421602, 0.5776983749591682, 0.574657787409394, 0.5710711024901344, 0.5793390697401035, 0.5769845369268145, 0.5775122241773847, 0.5780701560817834], [1.1216192590199139, 1.0926499223247341, 1.098595111471377, 1.1097047877794204, 1.0999512828453402, 1.0978870532491063, 1.0863637232047172, 1.103201567124436, 1.0952159617550437, 1.1019748749154206], [0.3029796155147201, 0.3046527528654705, 0.3066545517679972, 0.3036942006108938, 0.3030282030401019, 0.30005602462023334, 0.30167278259480923, 0.3015811840749775, 0.3039009261430402, 0.3043809147208814], [1.1910857084277044, 1.1768007609530453, 1.1945927107619578, 1.180981188851741, 1.1905820443172681, 1.189912292156466, 1.1848983545353995, 1.1860909582445605, 1.1876432104080825, 1.1892961019178003]], "35": [[0.6810048931617909, 0.68163596901859, 0.6837862328570097, 0.6811875765532078, 0.6844973826749644, 0.6824515584208976, 0.6768505850966781, 0.6816302001087914, 0.6819411309524042, 0.6807358987431814], [1.0116564511955686, 1.0232346788780919, 1.0077621056527266, 0.98232362431824005, 0.97591753667394232, 1.0185007977014351, 0.98799790949888278, 0.98972786089514575, 1.0375844245046393, 1.0670462465712212], [0.3905246775508982, 0.3893100507023764, 0.39377150457701415, 0.3951838159806513, 0.38872704548023174, 0.38744928663997935, 0.3929681985202291, 0.3901965355821679, 0.39457078319158495, 0.39284792791112527], [1.2342761531121638, 1.169288506946399, 1.1730731677694368, 1.1728053008756267, 1.1723629911903906, 1.1840779403820172, 1.1774148740748562, 1.1198308649401825, 1.1761096405147107, 1.1470337925477971]], "100": [[0.49908903400544735, 0.5002748883227205, 0.5002821025788444, 0.49970177187735876, 0.5026869332915415, 0.5007195150642652, 0.4992750277657989, 0.5007616273122083, 0.5003051561144273, 0.49765954058794465], [1.1337551534171364, 1.1412688910825366, 1.126227840760045, 1.1424615830111178, 1.1378705899721653, 1.1560248461060882, 1.1418299584878495, 1.1296006001453218, 1.1470777957727938, 1.1291739333153099], [0.25202137002469627, 0.24961423241674785, 0.251396681820803, 0.2497223985177676, 0.25077879684821675, 0.2531206941197822, 0.25055973855411046, 0.2497118252093619, 0.2523802708944705, 0.25217438566695305], [1.1901309061168366, 1.2037766525240776, 1.1928711518323787, 1.1978872396486593, 1.1726249777977151, 1.2032282747142664, 1.1833834984401999, 1.1933706502448802, 1.2145456175548073, 1.1865026346253389]], "70": [[0.5626786797241009, 0.5623379759880556, 0.5621949644543782, 0.5610600169551977, 0.5656943416241746, 0.5647694516236557, 0.5688336948025633, 0.5641506922956594, 0.563146533342193, 0.5584960331771252], [1.1133775435546989, 1.1163445744375218, 1.1047469652457955, 1.097343987633643, 1.1031342654694132, 1.0843499188335943, 1.1090015553094152, 1.1200259296807298, 1.0995808593659944, 1.121238699543982], [0.2913702638526943, 0.29372343171483006, 0.29526232325344726, 0.29464988438208206, 0.2936196538404338, 0.29468050215685393, 0.2954929363854004, 0.29095003089968996, 0.29461155214116763, 0.291647060983739], [1.2016671342912724, 1.1806530680028793, 1.1729513232104973, 1.2060946548611087, 1.2035335687496815, 1.1841477539720309, 1.1907593447255826, 1.1839901844121787, 1.1835604646223961, 1.1842661947700999]], "40": [[0.6647986927319922, 0.6569933586860819, 0.6609344165492987, 0.6608202558997243, 0.6589057363967061, 0.6591139548222016, 0.6599505970140531, 0.6558865455062592, 0.6570135345755788, 0.6630178972677107], [1.0246982973405907, 1.0264238665907532, 1.0262933835153574, 1.0257554269235309, 1.0708872092088435, 1.0847096306834703, 0.99720453570597367, 1.0731688760411722, 1.0481624902748556, 1.0158115100670635], [0.37366935741658713, 0.3711202456606625, 0.3721934729816718, 0.37536698474486613, 0.371293213000705, 0.36890779588577216, 0.37551396870311704, 0.3737962108206801, 0.37158440742606047, 0.37454600638493146], [1.1867093534754565, 1.1718308749712429, 1.1755036015257714, 1.2134837154416596, 1.1581254376403911, 1.2027666238788493, 1.1508098952726917, 1.1702731588659789, 1.2063263628619274, 1.1697107534723972]], "10": [[0.8347770926738659, 0.8308293477709057, 0.8346140778470451, 0.8348455728162689, 0.8285859451661083, 0.8258549480738454, 0.8346857314415905, 0.8314567653880763, 0.83382043487737, 0.8233454223622291], [0.75870628853577871, 0.81061755155069615, 0.79511175861933137, 0.77178383448867716, 0.89040676158553478, 0.87278367538588919, 0.74946314260363067, 0.86877712058135304, 0.77042198811798412, 0.88363683750196298], [0.610465218253257, 0.6133266568396146, 0.6134214240490511, 0.621382067203913, 0.6160265447083435, 0.6114705220783779, 0.6181687793504259, 0.6102984130930262, 0.6170826894894537, 0.6123878840025607], [1.0616191852807586, 1.0891215717180545, 1.0398715117477202, 1.0177319371776432, 1.0610176101638162, 1.0755546697482159, 1.1236635969041169, 1.1148155308844805, 1.1151246032523272, 1.1159571829441075]], "75": [[0.5507174304366237, 0.5510916505779841, 0.5502937511553364, 0.5506842790465557, 0.5521328159160005, 0.5479073789345602, 0.5583144370527338, 0.5541183566146026, 0.5492572507962644, 0.5520848915753337], [1.0942113264086049, 1.1007165186580465, 1.1202853109465511, 1.1106546213847488, 1.0919493749968596, 1.1099064069996392, 1.1182512024972648, 1.1175557008888846, 1.1258663832196636, 1.1278650518903444], [0.28501995226672083, 0.28407251343785034, 0.28527038646666847, 0.28554249363951023, 0.282805785854291, 0.2858569806902941, 0.2847858637957042, 0.2863050770838185, 0.28450224922590656, 0.2859482181204951], [1.1910078182989556, 1.2016559454927049, 1.1849799493556565, 1.1754956874659754, 1.1823550227086841, 1.2078053129381396, 1.1829928439596995, 1.1910492616691333, 1.2001000071655608, 1.1806042350044155]], "45": [[0.6448813554395209, 0.6366005683088138, 0.6427179827966675, 0.6384855809687132, 0.6481141622861235, 0.6412384582520403, 0.643360806272067, 0.6439255637650979, 0.6449186867589534, 0.6358388479183763], [1.0539380043698832, 1.045811415504541, 1.0763144936898037, 1.0998120173728154, 1.0449368427863353, 1.0697335016165888, 1.0133646547390678, 1.0608630254840794, 1.0347573791848754, 1.0659476070668978], [0.35195139798179487, 0.35379187200087037, 0.3547787281531863, 0.35411478423029286, 0.35320410723095025, 0.3557519359713365, 0.35370726436257055, 0.35410771218230924, 0.35584538212198613, 0.35243621425428723], [1.1982840113493174, 1.1691721260446257, 1.1863579268172466, 1.1669286682418007, 1.1842419188663247, 1.1684047515258835, 1.1905037723986556, 1.1494158780891817, 1.1843743593067715, 1.214373700357773]], "15": [[0.793429900580477, 0.7912761388107501, 0.7909429286059586, 0.7941314627621138, 0.7971351556329406, 0.7992705927692159, 0.7932632071464515, 0.7949653431307383, 0.7948150591327333, 0.7908027004993134], [0.85325318261790484, 0.86591060116483065, 0.84152476750020289, 0.95021074901474945, 0.91732272146901761, 0.84119522652455792, 0.88613927700764272, 0.90270124595202128, 0.94180108516496142, 0.88832780959004465], [0.5189007765891189, 0.5115979016219129, 0.5292701670155345, 0.5289758313610919, 0.5315880964791342, 0.5282464173338212, 0.5246509028577145, 0.5323123495687573, 0.5272278770299821, 0.5328680818462656], [1.1793609192898258, 1.1952894467317283, 1.1833761136033434, 1.1515534518833255, 1.1227735780841619, 1.155313641437236, 1.1384046047110974, 1.1542359302790945, 1.0956400877526862, 1.1788360216052045]],